{"owner": "IPMA", "country": "PT", "data":
 [{"precipitaProb": "100.0", "tMin": "15.6", "tMax": "22.0", "predWindDir": "SE", "idWeatherType": 9, "classWindSpeed": 2, "longitude": "-8.6535", "forecastDate": "2020-10-19", "classPrecInt": 2, "latitude": "40.6413"}, 
  {"precipitaProb": "100.0", "tMin": "15.8", "tMax": "18.4", "predWindDir": "S", "idWeatherType": 9, "classWindSpeed": 2, "longitude": "-8.6535", "forecastDate": "2020-10-20", "classPrecInt": 2, "latitude": "40.6413"}, 
  {"precipitaProb": "100.0", "tMin": "14.3", "tMax": "18.3", "predWindDir": "S", "idWeatherType": 6, "classWindSpeed": 2, "longitude": "-8.6535", "forecastDate": "2020-10-21", "classPrecInt": 2, "latitude": "40.6413"}, 
  {"precipitaProb": "82.0", "tMin": "13.1", "tMax": "19.0", "predWindDir": "SE", "idWeatherType": 6, "classWindSpeed": 1, "longitude": "-8.6535", "forecastDate": "2020-10-22", "classPrecInt": 2, "latitude": "40.6413"}, 
  {"precipitaProb": "53.0", "tMin": "12.2", "tMax": "18.5", "predWindDir": "S", "idWeatherType": 3, "classWindSpeed": 1, "longitude": "-8.6535", "forecastDate": "2020-10-23", "latitude": "40.6413"}], 


"globalIdLocal": 1010500, "dataUpdate": "2020-10-19T20:31:04"}