{"owner": "IPMA", "country": "PT", "data": [{"precipitaProb": "100.0", "tMin": "14.0", "tMax": "24.5", "predWindDir": "S", "idWeatherType": 6, "classWindSpeed": 2, "longitude": "-7.8700", "forecastDate": "2020-10-19", "classPrecInt": 2, "latitude": "38.0200"}, {"precipitaProb": "100.0", "tMin": "14.9", "tMax": "19.8", "predWindDir": "S", "idWeatherType": 9, "classWindSpeed": 2, "longitude": "-7.8700", "forecastDate": "2020-10-20", "classPrecInt": 2, "latitude": "38.0200"}, {"precipitaProb": "98.0", "tMin": "12.8", "tMax": "20.2", "predWindDir": "SW", "idWeatherType": 6, "classWindSpeed": 2, "longitude": "-7.8700", "forecastDate": "2020-10-21", "classPrecInt": 2, "latitude": "38.0200"}, {"precipitaProb": "66.0", "tMin": "11.6", "tMax": "19.5", "predWindDir": "S", "idWeatherType": 7, "classWindSpeed": 2, "longitude": "-7.8700", "forecastDate": "2020-10-22", "classPrecInt": 1, "latitude": "38.0200"}, {"precipitaProb": "43.0", "tMin": "10.9", "tMax": "18.3", "predWindDir": "SW", "idWeatherType": 6, "classWindSpeed": 2, "longitude": "-7.8700", "forecastDate": "2020-10-23", "classPrecInt": 2, "latitude": "38.0200"}], "globalIdLocal": 1020500, "dataUpdate": "2020-10-19T20:31:04"}