{"owner": "IPMA", "country": "PT", "data": [{"precipitaProb": "100.0", "tMin": "11.7", "tMax": "21.4", "predWindDir": "SE", "idWeatherType": 9, "classWindSpeed": 2, "longitude": "-8.2938", "forecastDate": "2020-10-19", "classPrecInt": 2, "latitude": "41.4434"}, {"precipitaProb": "100.0", "tMin": "12.1", "tMax": "17.9", "predWindDir": "SE", "idWeatherType": 9, "classWindSpeed": 1, "longitude": "-8.2938", "forecastDate": "2020-10-20", "classPrecInt": 2, "latitude": "41.4434"}, {"precipitaProb": "100.0", "tMin": "12.4", "tMax": "17.0", "predWindDir": "S", "idWeatherType": 9, "classWindSpeed": 2, "longitude": "-8.2938", "forecastDate": "2020-10-21", "classPrecInt": 2, "latitude": "41.4434"}, {"precipitaProb": "94.0", "tMin": "10.0", "tMax": "18.6", "predWindDir": "SE", "idWeatherType": 6, "classWindSpeed": 1, "longitude": "-8.2938", "forecastDate": "2020-10-22", "classPrecInt": 2, "latitude": "41.4434"}, {"precipitaProb": "63.0", "tMin": "8.2", "tMax": "17.4", "predWindDir": "E", "idWeatherType": 7, "classWindSpeed": 1, "longitude": "-8.2938", "forecastDate": "2020-10-23", "classPrecInt": 1, "latitude": "41.4434"}], "globalIdLocal": 1030800, "dataUpdate": "2020-10-19T20:31:04"}