{"owner": "IPMA", "country": "PT", "data": [{"precipitaProb": "100.0", "tMin": "10.6", "tMax": "21.6", "predWindDir": "SE", "idWeatherType": 9, "classWindSpeed": 2, "longitude": "-8.4227", "forecastDate": "2020-10-19", "classPrecInt": 2, "latitude": "41.5475"}, {"precipitaProb": "100.0", "tMin": "12.3", "tMax": "19.9", "predWindDir": "SE", "idWeatherType": 9, "classWindSpeed": 2, "longitude": "-8.4227", "forecastDate": "2020-10-20", "classPrecInt": 2, "latitude": "41.5475"}, {"precipitaProb": "100.0", "tMin": "12.5", "tMax": "18.0", "predWindDir": "S", "idWeatherType": 9, "classWindSpeed": 2, "longitude": "-8.4227", "forecastDate": "2020-10-21", "classPrecInt": 2, "latitude": "41.5475"}, {"precipitaProb": "94.0", "tMin": "10.4", "tMax": "19.3", "predWindDir": "S", "idWeatherType": 6, "classWindSpeed": 1, "longitude": "-8.4227", "forecastDate": "2020-10-22", "classPrecInt": 2, "latitude": "41.5475"}, {"precipitaProb": "68.0", "tMin": "9.3", "tMax": "18.4", "predWindDir": "SE", "idWeatherType": 7, "classWindSpeed": 1, "longitude": "-8.4227", "forecastDate": "2020-10-23", "classPrecInt": 1, "latitude": "41.5475"}], "globalIdLocal": 1030300, "dataUpdate": "2020-10-19T20:31:04"}