{"owner": "IPMA", "country": "PT", "data": [{"precipitaProb": "100.0", "tMin": "6.1", "tMax": "22.4", "predWindDir": "S", "idWeatherType": 9, "classWindSpeed": 2, "longitude": "-6.7606", "forecastDate": "2020-10-19", "classPrecInt": 2, "latitude": "41.8076"}, {"precipitaProb": "100.0", "tMin": "12.2", "tMax": "15.8", "predWindDir": "S", "idWeatherType": 9, "classWindSpeed": 1, "longitude": "-6.7606", "forecastDate": "2020-10-20", "classPrecInt": 2, "latitude": "41.8076"}, {"precipitaProb": "100.0", "tMin": "10.2", "tMax": "17.1", "predWindDir": "S", "idWeatherType": 6, "classWindSpeed": 2, "longitude": "-6.7606", "forecastDate": "2020-10-21", "classPrecInt": 2, "latitude": "41.8076"}, {"precipitaProb": "95.0", "tMin": "8.7", "tMax": "16.1", "predWindDir": "S", "idWeatherType": 6, "classWindSpeed": 1, "longitude": "-6.7606", "forecastDate": "2020-10-22", "classPrecInt": 2, "latitude": "41.8076"}, {"precipitaProb": "57.0", "tMin": "6.9", "tMax": "15.7", "predWindDir": "S", "idWeatherType": 7, "classWindSpeed": 1, "longitude": "-6.7606", "forecastDate": "2020-10-23", "classPrecInt": 1, "latitude": "41.8076"}], "globalIdLocal": 1040200, "dataUpdate": "2020-10-19T20:31:04"}