{"owner": "IPMA", "country": "PT", "data": [{"precipitaProb": "100.0", "tMin": "11.0", "tMax": "25.0", "predWindDir": "S", "idWeatherType": 11, "classWindSpeed": 2, "longitude": "-7.4957", "forecastDate": "2020-10-19", "classPrecInt": 3, "latitude": "39.8217"}, {"precipitaProb": "100.0", "tMin": "15.4", "tMax": "18.4", "predWindDir": "SW", "idWeatherType": 9, "classWindSpeed": 2, "longitude": "-7.4957", "forecastDate": "2020-10-20", "classPrecInt": 2, "latitude": "39.8217"}, {"precipitaProb": "100.0", "tMin": "13.6", "tMax": "17.9", "predWindDir": "SW", "idWeatherType": 9, "classWindSpeed": 2, "longitude": "-7.4957", "forecastDate": "2020-10-21", "classPrecInt": 2, "latitude": "39.8217"}, {"precipitaProb": "95.0", "tMin": "10.7", "tMax": "17.8", "predWindDir": "SW", "idWeatherType": 6, "classWindSpeed": 1, "longitude": "-7.4957", "forecastDate": "2020-10-22", "classPrecInt": 2, "latitude": "39.8217"}, {"precipitaProb": "66.0", "tMin": "10.6", "tMax": "16.9", "predWindDir": "SW", "idWeatherType": 6, "classWindSpeed": 1, "longitude": "-7.4957", "forecastDate": "2020-10-23", "classPrecInt": 2, "latitude": "39.8217"}], "globalIdLocal": 1050200, "dataUpdate": "2020-10-19T20:31:04"}