{"owner": "IPMA", "country": "PT", "data": [{"precipitaProb": "100.0", "tMin": "17.3", "tMax": "20.3", "predWindDir": "S", "idWeatherType": 6, "classWindSpeed": 2, "longitude": "-8.4194", "forecastDate": "2020-10-19", "classPrecInt": 2, "latitude": "40.2081"}, {"precipitaProb": "100.0", "tMin": "15.9", "tMax": "18.8", "predWindDir": "S", "idWeatherType": 9, "classWindSpeed": 2, "longitude": "-8.4194", "forecastDate": "2020-10-20", "classPrecInt": 2, "latitude": "40.2081"}, {"precipitaProb": "100.0", "tMin": "13.8", "tMax": "18.4", "predWindDir": "S", "idWeatherType": 6, "classWindSpeed": 2, "longitude": "-8.4194", "forecastDate": "2020-10-21", "classPrecInt": 2, "latitude": "40.2081"}, {"precipitaProb": "89.0", "tMin": "13.3", "tMax": "17.8", "predWindDir": "S", "idWeatherType": 6, "classWindSpeed": 1, "longitude": "-8.4194", "forecastDate": "2020-10-22", "classPrecInt": 2, "latitude": "40.2081"}, {"precipitaProb": "51.0", "tMin": "12.3", "tMax": "17.2", "predWindDir": "S", "idWeatherType": 7, "classWindSpeed": 1, "longitude": "-8.4194", "forecastDate": "2020-10-23", "classPrecInt": 1, "latitude": "40.2081"}], "globalIdLocal": 1060300, "dataUpdate": "2020-10-19T20:31:04"}