{"owner": "IPMA", "country": "PT", "data": [{"precipitaProb": "100.0", "tMin": "10.9", "tMax": "24.3", "predWindDir": "S", "idWeatherType": 6, "classWindSpeed": 2, "longitude": "-7.9104", "forecastDate": "2020-10-19", "classPrecInt": 2, "latitude": "38.5701"}, {"precipitaProb": "100.0", "tMin": "14.2", "tMax": "19.6", "predWindDir": "S", "idWeatherType": 9, "classWindSpeed": 2, "longitude": "-7.9104", "forecastDate": "2020-10-20", "classPrecInt": 2, "latitude": "38.5701"}, {"precipitaProb": "100.0", "tMin": "12.6", "tMax": "20.2", "predWindDir": "SW", "idWeatherType": 6, "classWindSpeed": 2, "longitude": "-7.9104", "forecastDate": "2020-10-21", "classPrecInt": 2, "latitude": "38.5701"}, {"precipitaProb": "87.0", "tMin": "11.2", "tMax": "19.4", "predWindDir": "S", "idWeatherType": 6, "classWindSpeed": 2, "longitude": "-7.9104", "forecastDate": "2020-10-22", "classPrecInt": 2, "latitude": "38.5701"}, {"precipitaProb": "54.0", "tMin": "10.5", "tMax": "18.3", "predWindDir": "SW", "idWeatherType": 7, "classWindSpeed": 2, "longitude": "-7.9104", "forecastDate": "2020-10-23", "classPrecInt": 1, "latitude": "38.5701"}], "globalIdLocal": 1070500, "dataUpdate": "2020-10-19T20:31:04"}