{"owner": "IPMA", "country": "PT", "data": [{"precipitaProb": "94.0", "tMin": "16.1", "tMax": "23.5", "predWindDir": "S", "idWeatherType": 6, "classWindSpeed": 2, "longitude": "-7.9331", "forecastDate": "2020-10-19", "classPrecInt": 2, "latitude": "37.0146"}, {"precipitaProb": "100.0", "tMin": "17.5", "tMax": "21.3", "predWindDir": "S", "idWeatherType": 9, "classWindSpeed": 2, "longitude": "-7.9331", "forecastDate": "2020-10-20", "classPrecInt": 2, "latitude": "37.0146"}, {"precipitaProb": "98.0", "tMin": "14.8", "tMax": "20.4", "predWindDir": "SW", "idWeatherType": 6, "classWindSpeed": 2, "longitude": "-7.9331", "forecastDate": "2020-10-21", "classPrecInt": 2, "latitude": "37.0146"}, {"precipitaProb": "69.0", "tMin": "14.1", "tMax": "19.6", "predWindDir": "SW", "idWeatherType": 6, "classWindSpeed": 2, "longitude": "-7.9331", "forecastDate": "2020-10-22", "classPrecInt": 2, "latitude": "37.0146"}, {"precipitaProb": "47.0", "tMin": "12.8", "tMax": "19.1", "predWindDir": "W", "idWeatherType": 3, "classWindSpeed": 2, "longitude": "-7.9331", "forecastDate": "2020-10-23", "latitude": "37.0146"}], "globalIdLocal": 1080500, "dataUpdate": "2020-10-19T20:31:04"}