{"owner": "IPMA", "country": "PT", "data": [{"precipitaProb": "99.0", "tMin": "14.1", "tMax": "23.4", "predWindDir": "SE", "idWeatherType": 6, "classWindSpeed": 2, "longitude": "-8.0202", "forecastDate": "2020-10-19", "classPrecInt": 2, "latitude": "37.1397"}, {"precipitaProb": "100.0", "tMin": "15.7", "tMax": "20.3", "predWindDir": "S", "idWeatherType": 9, "classWindSpeed": 2, "longitude": "-8.0202", "forecastDate": "2020-10-20", "classPrecInt": 2, "latitude": "37.1397"}, {"precipitaProb": "100.0", "tMin": "13.1", "tMax": "19.5", "predWindDir": "SW", "idWeatherType": 6, "classWindSpeed": 2, "longitude": "-8.0202", "forecastDate": "2020-10-21", "classPrecInt": 2, "latitude": "37.1397"}, {"precipitaProb": "67.0", "tMin": "12.3", "tMax": "18.6", "predWindDir": "SW", "idWeatherType": 7, "classWindSpeed": 2, "longitude": "-8.0202", "forecastDate": "2020-10-22", "classPrecInt": 1, "latitude": "37.1397"}, {"precipitaProb": "53.0", "tMin": "11.3", "tMax": "18.5", "predWindDir": "SW", "idWeatherType": 7, "classWindSpeed": 2, "longitude": "-8.0202", "forecastDate": "2020-10-23", "classPrecInt": 1, "latitude": "37.1397"}], "globalIdLocal": 1080800, "dataUpdate": "2020-10-19T20:31:04"}