{"owner": "IPMA", "country": "PT", "data": [{"precipitaProb": "99.0", "tMin": "15.4", "tMax": "22.8", "predWindDir": "S", "idWeatherType": 6, "classWindSpeed": 2, "longitude": "-8.9403", "forecastDate": "2020-10-19", "classPrecInt": 2, "latitude": "37.0168"}, {"precipitaProb": "100.0", "tMin": "15.6", "tMax": "21.4", "predWindDir": "S", "idWeatherType": 9, "classWindSpeed": 2, "longitude": "-8.9403", "forecastDate": "2020-10-20", "classPrecInt": 2, "latitude": "37.0168"}, {"precipitaProb": "59.0", "tMin": "13.8", "tMax": "20.7", "predWindDir": "SW", "idWeatherType": 6, "classWindSpeed": 2, "longitude": "-8.9403", "forecastDate": "2020-10-21", "classPrecInt": 2, "latitude": "37.0168"}, {"precipitaProb": "33.0", "tMin": "13.2", "tMax": "19.5", "predWindDir": "SW", "idWeatherType": 3, "classWindSpeed": 2, "longitude": "-8.9403", "forecastDate": "2020-10-22", "latitude": "37.0168"}, {"precipitaProb": "24.0", "tMin": "12.3", "tMax": "19.0", "predWindDir": "W", "idWeatherType": 2, "classWindSpeed": 2, "longitude": "-8.9403", "forecastDate": "2020-10-23", "latitude": "37.0168"}], "globalIdLocal": 1081505, "dataUpdate": "2020-10-19T20:31:04"}