{"owner": "IPMA", "country": "PT", "data": [{"precipitaProb": "100.0", "tMin": "14.7", "tMax": "23.6", "predWindDir": "S", "idWeatherType": 6, "classWindSpeed": 2, "longitude": "-8.5200", "forecastDate": "2020-10-19", "classPrecInt": 2, "latitude": "37.1500"}, {"precipitaProb": "100.0", "tMin": "16.0", "tMax": "20.8", "predWindDir": "S", "idWeatherType": 9, "classWindSpeed": 2, "longitude": "-8.5200", "forecastDate": "2020-10-20", "classPrecInt": 2, "latitude": "37.1500"}, {"precipitaProb": "92.0", "tMin": "13.5", "tMax": "20.7", "predWindDir": "SW", "idWeatherType": 6, "classWindSpeed": 2, "longitude": "-8.5200", "forecastDate": "2020-10-21", "classPrecInt": 2, "latitude": "37.1500"}, {"precipitaProb": "62.0", "tMin": "12.8", "tMax": "19.4", "predWindDir": "SW", "idWeatherType": 7, "classWindSpeed": 2, "longitude": "-8.5200", "forecastDate": "2020-10-22", "classPrecInt": 1, "latitude": "37.1500"}, {"precipitaProb": "43.0", "tMin": "11.7", "tMax": "20.1", "predWindDir": "SW", "idWeatherType": 3, "classWindSpeed": 1, "longitude": "-8.5200", "forecastDate": "2020-10-23", "latitude": "37.1500"}], "globalIdLocal": 1081100, "dataUpdate": "2020-10-19T20:31:04"}