{"owner": "IPMA", "country": "PT", "data": [{"precipitaProb": "100.0", "tMin": "9.2", "tMax": "13.1", "predWindDir": "S", "idWeatherType": 9, "classWindSpeed": 2, "longitude": "-7.5665", "forecastDate": "2020-10-19", "classPrecInt": 2, "latitude": "40.4075"}, {"precipitaProb": "100.0", "tMin": "9.1", "tMax": "12.2", "predWindDir": "S", "idWeatherType": 9, "classWindSpeed": 2, "longitude": "-7.5665", "forecastDate": "2020-10-20", "classPrecInt": 2, "latitude": "40.4075"}, {"precipitaProb": "100.0", "tMin": "7.1", "tMax": "9.2", "predWindDir": "S", "idWeatherType": 9, "classWindSpeed": 2, "longitude": "-7.5665", "forecastDate": "2020-10-21", "classPrecInt": 2, "latitude": "40.4075"}, {"precipitaProb": "92.0", "tMin": "5.8", "tMax": "9.6", "predWindDir": "S", "idWeatherType": 6, "classWindSpeed": 2, "longitude": "-7.5665", "forecastDate": "2020-10-22", "classPrecInt": 2, "latitude": "40.4075"}, {"precipitaProb": "51.0", "tMin": "4.8", "tMax": "8.9", "predWindDir": "S", "idWeatherType": 10, "classWindSpeed": 2, "longitude": "-7.5665", "forecastDate": "2020-10-23", "classPrecInt": 1, "latitude": "40.4075"}], "globalIdLocal": 1090821, "dataUpdate": "2020-10-19T20:31:04"}