{"owner": "IPMA", "country": "PT", "data": [{"precipitaProb": "100.0", "tMin": "13.0", "tMax": "21.9", "predWindDir": "S", "idWeatherType": 9, "classWindSpeed": 2, "longitude": "-8.8069", "forecastDate": "2020-10-19", "classPrecInt": 2, "latitude": "39.7473"}, {"precipitaProb": "100.0", "tMin": "13.9", "tMax": "19.7", "predWindDir": "SE", "idWeatherType": 9, "classWindSpeed": 2, "longitude": "-8.8069", "forecastDate": "2020-10-20", "classPrecInt": 2, "latitude": "39.7473"}, {"precipitaProb": "100.0", "tMin": "12.7", "tMax": "19.6", "predWindDir": "SW", "idWeatherType": 6, "classWindSpeed": 2, "longitude": "-8.8069", "forecastDate": "2020-10-21", "classPrecInt": 2, "latitude": "39.7473"}, {"precipitaProb": "89.0", "tMin": "11.4", "tMax": "18.8", "predWindDir": "SE", "idWeatherType": 6, "classWindSpeed": 1, "longitude": "-8.8069", "forecastDate": "2020-10-22", "classPrecInt": 2, "latitude": "39.7473"}, {"precipitaProb": "58.0", "tMin": "10.4", "tMax": "18.1", "predWindDir": "S", "idWeatherType": 6, "classWindSpeed": 1, "longitude": "-8.8069", "forecastDate": "2020-10-23", "classPrecInt": 2, "latitude": "39.7473"}], "globalIdLocal": 1100900, "dataUpdate": "2020-10-19T20:31:04"}