{"owner": "IPMA", "country": "PT", "data": [{"precipitaProb": "100.0", "tMin": "16.2", "tMax": "20.1", "predWindDir": "S", "idWeatherType": 9, "classWindSpeed": 2, "longitude": "-9.1286", "forecastDate": "2020-10-19", "classPrecInt": 2, "latitude": "38.7660"}, {"precipitaProb": "100.0", "tMin": "17.1", "tMax": "19.3", "predWindDir": "SW", "idWeatherType": 9, "classWindSpeed": 2, "longitude": "-9.1286", "forecastDate": "2020-10-20", "classPrecInt": 2, "latitude": "38.7660"}, {"precipitaProb": "100.0", "tMin": "14.8", "tMax": "19.0", "predWindDir": "SW", "idWeatherType": 6, "classWindSpeed": 2, "longitude": "-9.1286", "forecastDate": "2020-10-21", "classPrecInt": 2, "latitude": "38.7660"}, {"precipitaProb": "92.0", "tMin": "13.2", "tMax": "18.3", "predWindDir": "SW", "idWeatherType": 6, "classWindSpeed": 2, "longitude": "-9.1286", "forecastDate": "2020-10-22", "classPrecInt": 2, "latitude": "38.7660"}, {"precipitaProb": "50.0", "tMin": "12.6", "tMax": "18.3", "predWindDir": "SW", "idWeatherType": 3, "classWindSpeed": 2, "longitude": "-9.1286", "forecastDate": "2020-10-23", "latitude": "38.7660"}], "globalIdLocal": 1110600, "dataUpdate": "2020-10-19T20:31:04"}