{"owner": "IPMA", "country": "PT", "data": [{"precipitaProb": "100.0", "tMin": "14.0", "tMax": "23.4", "predWindDir": "S", "idWeatherType": 6, "classWindSpeed": 2, "longitude": "-7.4200", "forecastDate": "2020-10-19", "classPrecInt": 2, "latitude": "39.2900"}, {"precipitaProb": "100.0", "tMin": "14.4", "tMax": "17.7", "predWindDir": "S", "idWeatherType": 9, "classWindSpeed": 2, "longitude": "-7.4200", "forecastDate": "2020-10-20", "classPrecInt": 2, "latitude": "39.2900"}, {"precipitaProb": "100.0", "tMin": "12.6", "tMax": "16.4", "predWindDir": "S", "idWeatherType": 9, "classWindSpeed": 2, "longitude": "-7.4200", "forecastDate": "2020-10-21", "classPrecInt": 2, "latitude": "39.2900"}, {"precipitaProb": "91.0", "tMin": "11.1", "tMax": "16.0", "predWindDir": "S", "idWeatherType": 6, "classWindSpeed": 2, "longitude": "-7.4200", "forecastDate": "2020-10-22", "classPrecInt": 2, "latitude": "39.2900"}, {"precipitaProb": "63.0", "tMin": "10.9", "tMax": "15.1", "predWindDir": "S", "idWeatherType": 9, "classWindSpeed": 2, "longitude": "-7.4200", "forecastDate": "2020-10-23", "classPrecInt": 2, "latitude": "39.2900"}], "globalIdLocal": 1121400, "dataUpdate": "2020-10-19T20:31:04"}