{"owner": "IPMA", "country": "PT", "data": [{"precipitaProb": "100.0", "tMin": "15.5", "tMax": "22.1", "predWindDir": "S", "idWeatherType": 9, "classWindSpeed": 2, "longitude": "-8.6294", "forecastDate": "2020-10-19", "classPrecInt": 2, "latitude": "41.1580"}, {"precipitaProb": "100.0", "tMin": "14.4", "tMax": "18.6", "predWindDir": "S", "idWeatherType": 9, "classWindSpeed": 2, "longitude": "-8.6294", "forecastDate": "2020-10-20", "classPrecInt": 2, "latitude": "41.1580"}, {"precipitaProb": "100.0", "tMin": "14.2", "tMax": "18.0", "predWindDir": "S", "idWeatherType": 9, "classWindSpeed": 2, "longitude": "-8.6294", "forecastDate": "2020-10-21", "classPrecInt": 2, "latitude": "41.1580"}, {"precipitaProb": "87.0", "tMin": "13.1", "tMax": "18.4", "predWindDir": "SE", "idWeatherType": 6, "classWindSpeed": 2, "longitude": "-8.6294", "forecastDate": "2020-10-22", "classPrecInt": 2, "latitude": "41.1580"}, {"precipitaProb": "56.0", "tMin": "11.2", "tMax": "17.7", "predWindDir": "SE", "idWeatherType": 6, "classWindSpeed": 1, "longitude": "-8.6294", "forecastDate": "2020-10-23", "classPrecInt": 2, "latitude": "41.1580"}], "globalIdLocal": 1131200, "dataUpdate": "2020-10-19T20:31:04"}