{"owner": "IPMA", "country": "PT", "data": [{"precipitaProb": "100.0", "tMin": "13.0", "tMax": "26.4", "predWindDir": "S", "idWeatherType": 9, "classWindSpeed": 2, "longitude": "-8.7400", "forecastDate": "2020-10-19", "classPrecInt": 2, "latitude": "39.2000"}, {"precipitaProb": "100.0", "tMin": "16.2", "tMax": "21.4", "predWindDir": "S", "idWeatherType": 9, "classWindSpeed": 2, "longitude": "-8.7400", "forecastDate": "2020-10-20", "classPrecInt": 2, "latitude": "39.2000"}, {"precipitaProb": "100.0", "tMin": "13.9", "tMax": "20.9", "predWindDir": "S", "idWeatherType": 6, "classWindSpeed": 2, "longitude": "-8.7400", "forecastDate": "2020-10-21", "classPrecInt": 2, "latitude": "39.2000"}, {"precipitaProb": "92.0", "tMin": "12.7", "tMax": "20.3", "predWindDir": "S", "idWeatherType": 6, "classWindSpeed": 2, "longitude": "-8.7400", "forecastDate": "2020-10-22", "classPrecInt": 2, "latitude": "39.2000"}, {"precipitaProb": "54.0", "tMin": "11.7", "tMax": "20.2", "predWindDir": "S", "idWeatherType": 6, "classWindSpeed": 1, "longitude": "-8.7400", "forecastDate": "2020-10-23", "classPrecInt": 2, "latitude": "39.2000"}], "globalIdLocal": 1141600, "dataUpdate": "2020-10-19T20:31:04"}