{"owner": "IPMA", "country": "PT", "data": [{"precipitaProb": "100.0", "tMin": "15.7", "tMax": "23.1", "predWindDir": "S", "idWeatherType": 9, "classWindSpeed": 2, "longitude": "-8.8643", "forecastDate": "2020-10-19", "classPrecInt": 2, "latitude": "37.9560"}, {"precipitaProb": "100.0", "tMin": "17.0", "tMax": "21.0", "predWindDir": "S", "idWeatherType": 9, "classWindSpeed": 2, "longitude": "-8.8643", "forecastDate": "2020-10-20", "classPrecInt": 2, "latitude": "37.9560"}, {"precipitaProb": "100.0", "tMin": "14.7", "tMax": "20.0", "predWindDir": "SW", "idWeatherType": 6, "classWindSpeed": 2, "longitude": "-8.8643", "forecastDate": "2020-10-21", "classPrecInt": 2, "latitude": "37.9560"}, {"precipitaProb": "85.0", "tMin": "14.4", "tMax": "18.9", "predWindDir": "SW", "idWeatherType": 7, "classWindSpeed": 2, "longitude": "-8.8643", "forecastDate": "2020-10-22", "classPrecInt": 1, "latitude": "37.9560"}, {"precipitaProb": "51.0", "tMin": "14.0", "tMax": "18.5", "predWindDir": "SW", "idWeatherType": 6, "classWindSpeed": 2, "longitude": "-8.8643", "forecastDate": "2020-10-23", "classPrecInt": 2, "latitude": "37.9560"}], "globalIdLocal": 1151300, "dataUpdate": "2020-10-19T20:31:04"}