{"owner": "IPMA", "country": "PT", "data": [{"precipitaProb": "100.0", "tMin": "12.7", "tMax": "21.7", "predWindDir": "S", "idWeatherType": 9, "classWindSpeed": 2, "longitude": "-8.8856", "forecastDate": "2020-10-19", "classPrecInt": 2, "latitude": "38.5246"}, {"precipitaProb": "100.0", "tMin": "14.5", "tMax": "20.2", "predWindDir": "SW", "idWeatherType": 9, "classWindSpeed": 2, "longitude": "-8.8856", "forecastDate": "2020-10-20", "classPrecInt": 2, "latitude": "38.5246"}, {"precipitaProb": "100.0", "tMin": "12.9", "tMax": "19.8", "predWindDir": "SW", "idWeatherType": 6, "classWindSpeed": 1, "longitude": "-8.8856", "forecastDate": "2020-10-21", "classPrecInt": 2, "latitude": "38.5246"}, {"precipitaProb": "86.0", "tMin": "12.0", "tMax": "18.7", "predWindDir": "S", "idWeatherType": 6, "classWindSpeed": 1, "longitude": "-8.8856", "forecastDate": "2020-10-22", "classPrecInt": 2, "latitude": "38.5246"}, {"precipitaProb": "49.0", "tMin": "11.5", "tMax": "18.4", "predWindDir": "W", "idWeatherType": 3, "classWindSpeed": 1, "longitude": "-8.8856", "forecastDate": "2020-10-23", "latitude": "38.5246"}], "globalIdLocal": 1151200, "dataUpdate": "2020-10-19T20:31:04"}