{"owner": "IPMA", "country": "PT", "data": [{"precipitaProb": "100.0", "tMin": "14.2", "tMax": "20.0", "predWindDir": "S", "idWeatherType": 9, "classWindSpeed": 2, "longitude": "-8.8365", "forecastDate": "2020-10-19", "classPrecInt": 2, "latitude": "41.6952"}, {"precipitaProb": "100.0", "tMin": "13.1", "tMax": "18.6", "predWindDir": "SE", "idWeatherType": 9, "classWindSpeed": 2, "longitude": "-8.8365", "forecastDate": "2020-10-20", "classPrecInt": 2, "latitude": "41.6952"}, {"precipitaProb": "100.0", "tMin": "13.5", "tMax": "17.6", "predWindDir": "S", "idWeatherType": 9, "classWindSpeed": 2, "longitude": "-8.8365", "forecastDate": "2020-10-21", "classPrecInt": 2, "latitude": "41.6952"}, {"precipitaProb": "90.0", "tMin": "12.9", "tMax": "18.2", "predWindDir": "SE", "idWeatherType": 6, "classWindSpeed": 1, "longitude": "-8.8365", "forecastDate": "2020-10-22", "classPrecInt": 2, "latitude": "41.6952"}, {"precipitaProb": "69.0", "tMin": "10.1", "tMax": "17.7", "predWindDir": "SE", "idWeatherType": 7, "classWindSpeed": 1, "longitude": "-8.8365", "forecastDate": "2020-10-23", "classPrecInt": 1, "latitude": "41.6952"}], "globalIdLocal": 1160900, "dataUpdate": "2020-10-19T20:31:04"}