{"owner": "IPMA", "country": "PT", "data": [{"precipitaProb": "100.0", "tMin": "9.4", "tMax": "21.0", "predWindDir": "NE", "idWeatherType": 6, "classWindSpeed": 1, "longitude": "-7.7440", "forecastDate": "2020-10-19", "classPrecInt": 2, "latitude": "41.3053"}, {"precipitaProb": "100.0", "tMin": "12.1", "tMax": "15.6", "predWindDir": "NE", "idWeatherType": 9, "classWindSpeed": 1, "longitude": "-7.7440", "forecastDate": "2020-10-20", "classPrecInt": 2, "latitude": "41.3053"}, {"precipitaProb": "100.0", "tMin": "10.4", "tMax": "16.7", "predWindDir": "S", "idWeatherType": 6, "classWindSpeed": 1, "longitude": "-7.7440", "forecastDate": "2020-10-21", "classPrecInt": 2, "latitude": "41.3053"}, {"precipitaProb": "80.0", "tMin": "8.9", "tMax": "16.6", "predWindDir": "SE", "idWeatherType": 6, "classWindSpeed": 1, "longitude": "-7.7440", "forecastDate": "2020-10-22", "classPrecInt": 2, "latitude": "41.3053"}, {"precipitaProb": "43.0", "tMin": "7.0", "tMax": "16.4", "predWindDir": "NE", "idWeatherType": 7, "classWindSpeed": 1, "longitude": "-7.7440", "forecastDate": "2020-10-23", "classPrecInt": 1, "latitude": "41.3053"}], "globalIdLocal": 1171400, "dataUpdate": "2020-10-19T20:31:04"}