{"owner": "IPMA", "country": "PT", "data": [{"precipitaProb": "100.0", "tMin": "13.2", "tMax": "18.6", "predWindDir": "S", "idWeatherType": 9, "classWindSpeed": 2, "longitude": "-7.9120", "forecastDate": "2020-10-19", "classPrecInt": 2, "latitude": "40.6585"}, {"precipitaProb": "100.0", "tMin": "13.2", "tMax": "16.1", "predWindDir": "S", "idWeatherType": 9, "classWindSpeed": 2, "longitude": "-7.9120", "forecastDate": "2020-10-20", "classPrecInt": 2, "latitude": "40.6585"}, {"precipitaProb": "100.0", "tMin": "11.4", "tMax": "14.9", "predWindDir": "S", "idWeatherType": 9, "classWindSpeed": 2, "longitude": "-7.9120", "forecastDate": "2020-10-21", "classPrecInt": 2, "latitude": "40.6585"}, {"precipitaProb": "88.0", "tMin": "9.7", "tMax": "14.9", "predWindDir": "S", "idWeatherType": 6, "classWindSpeed": 2, "longitude": "-7.9120", "forecastDate": "2020-10-22", "classPrecInt": 2, "latitude": "40.6585"}, {"precipitaProb": "57.0", "tMin": "9.8", "tMax": "14.2", "predWindDir": "S", "idWeatherType": 7, "classWindSpeed": 2, "longitude": "-7.9120", "forecastDate": "2020-10-23", "classPrecInt": 1, "latitude": "40.6585"}], "globalIdLocal": 1182300, "dataUpdate": "2020-10-19T20:31:04"}