{"owner": "IPMA", "country": "PT", "data": [{"precipitaProb": "100.0", "tMin": "21.9", "tMax": "25.4", "predWindDir": "SW", "idWeatherType": 6, "classWindSpeed": 2, "longitude": "-16.9084", "forecastDate": "2020-10-19", "classPrecInt": 2, "latitude": "32.6485"}, {"precipitaProb": "100.0", "tMin": "19.8", "tMax": "24.5", "predWindDir": "W", "idWeatherType": 6, "classWindSpeed": 2, "longitude": "-16.9084", "forecastDate": "2020-10-20", "classPrecInt": 2, "latitude": "32.6485"}, {"precipitaProb": "55.0", "tMin": "18.4", "tMax": "23.4", "predWindDir": "W", "idWeatherType": 3, "classWindSpeed": 1, "longitude": "-16.9084", "forecastDate": "2020-10-21", "latitude": "32.6485"}, {"precipitaProb": "8.0", "tMin": "17.5", "tMax": "22.3", "predWindDir": "S", "idWeatherType": 2, "classWindSpeed": 1, "longitude": "-16.9084", "forecastDate": "2020-10-22", "latitude": "32.6485"}, {"precipitaProb": "2.0", "tMin": "18.4", "tMax": "22.7", "predWindDir": "N", "idWeatherType": 2, "classWindSpeed": 1, "longitude": "-16.9084", "forecastDate": "2020-10-23", "latitude": "32.6485"}], "globalIdLocal": 2310300, "dataUpdate": "2020-10-19T20:31:04"}