{"owner": "IPMA", "country": "PT", "data": [{"precipitaProb": "100.0", "tMin": "20.1", "tMax": "24.2", "predWindDir": "SW", "idWeatherType": 6, "classWindSpeed": 2, "longitude": "-16.3400", "forecastDate": "2020-10-19", "classPrecInt": 2, "latitude": "33.0700"}, {"precipitaProb": "100.0", "tMin": "18.8", "tMax": "23.5", "predWindDir": "W", "idWeatherType": 6, "classWindSpeed": 2, "longitude": "-16.3400", "forecastDate": "2020-10-20", "classPrecInt": 2, "latitude": "33.0700"}, {"precipitaProb": "100.0", "tMin": "16.6", "tMax": "20.7", "predWindDir": "W", "idWeatherType": 7, "classWindSpeed": 2, "longitude": "-16.3400", "forecastDate": "2020-10-21", "classPrecInt": 1, "latitude": "33.0700"}, {"precipitaProb": "60.0", "tMin": "16.0", "tMax": "20.8", "predWindDir": "NW", "idWeatherType": 3, "classWindSpeed": 2, "longitude": "-16.3400", "forecastDate": "2020-10-22", "latitude": "33.0700"}, {"precipitaProb": "28.0", "tMin": "17.4", "tMax": "21.4", "predWindDir": "N", "idWeatherType": 2, "classWindSpeed": 1, "longitude": "-16.3400", "forecastDate": "2020-10-23", "latitude": "33.0700"}], "globalIdLocal": 2320100, "dataUpdate": "2020-10-19T20:31:04"}