{"owner": "IPMA", "country": "PT", "data": [{"precipitaProb": "100.0", "tMin": "15.0", "tMax": "20.9", "predWindDir": "W", "idWeatherType": 6, "classWindSpeed": 3, "longitude": "-25.1409", "forecastDate": "2020-10-19", "classPrecInt": 2, "latitude": "36.9563"}, {"precipitaProb": "100.0", "tMin": "15.1", "tMax": "20.7", "predWindDir": "NW", "idWeatherType": 7, "classWindSpeed": 3, "longitude": "-25.1409", "forecastDate": "2020-10-20", "classPrecInt": 1, "latitude": "36.9563"}, {"precipitaProb": "54.0", "tMin": "15.1", "tMax": "19.9", "predWindDir": "N", "idWeatherType": 3, "classWindSpeed": 2, "longitude": "-25.1409", "forecastDate": "2020-10-21", "latitude": "36.9563"}, {"precipitaProb": "12.0", "tMin": "16.2", "tMax": "20.3", "predWindDir": "N", "idWeatherType": 3, "classWindSpeed": 2, "longitude": "-25.1409", "forecastDate": "2020-10-22", "latitude": "36.9563"}, {"precipitaProb": "15.0", "tMin": "16.7", "tMax": "21.0", "predWindDir": "W", "idWeatherType": 3, "classWindSpeed": 2, "longitude": "-25.1409", "forecastDate": "2020-10-23", "latitude": "36.9563"}], "globalIdLocal": 3410100, "dataUpdate": "2020-10-19T20:31:04"}