{"owner": "IPMA", "country": "PT", "data": [{"precipitaProb": "100.0", "tMin": "14.3", "tMax": "20.1", "predWindDir": "W", "idWeatherType": 6, "classWindSpeed": 2, "longitude": "-25.6677", "forecastDate": "2020-10-19", "classPrecInt": 2, "latitude": "37.7415"}, {"precipitaProb": "100.0", "tMin": "14.2", "tMax": "19.1", "predWindDir": "N", "idWeatherType": 7, "classWindSpeed": 2, "longitude": "-25.6677", "forecastDate": "2020-10-20", "classPrecInt": 1, "latitude": "37.7415"}, {"precipitaProb": "87.0", "tMin": "14.1", "tMax": "19.6", "predWindDir": "N", "idWeatherType": 7, "classWindSpeed": 2, "longitude": "-25.6677", "forecastDate": "2020-10-21", "classPrecInt": 1, "latitude": "37.7415"}, {"precipitaProb": "56.0", "tMin": "15.2", "tMax": "20.0", "predWindDir": "N", "idWeatherType": 3, "classWindSpeed": 2, "longitude": "-25.6677", "forecastDate": "2020-10-22", "latitude": "37.7415"}, {"precipitaProb": "53.0", "tMin": "15.5", "tMax": "20.9", "predWindDir": "W", "idWeatherType": 3, "classWindSpeed": 2, "longitude": "-25.6677", "forecastDate": "2020-10-23", "latitude": "37.7415"}], "globalIdLocal": 3420300, "dataUpdate": "2020-10-19T20:31:04"}