{"owner": "IPMA", "country": "PT", "data": [{"precipitaProb": "100.0", "tMin": "13.7", "tMax": "17.5", "predWindDir": "W", "idWeatherType": 6, "classWindSpeed": 2, "longitude": "-27.2200", "forecastDate": "2020-10-19", "classPrecInt": 2, "latitude": "38.6700"}, {"precipitaProb": "99.0", "tMin": "14.4", "tMax": "18.8", "predWindDir": "N", "idWeatherType": 7, "classWindSpeed": 2, "longitude": "-27.2200", "forecastDate": "2020-10-20", "classPrecInt": 1, "latitude": "38.6700"}, {"precipitaProb": "40.0", "tMin": "14.2", "tMax": "19.0", "predWindDir": "N", "idWeatherType": 3, "classWindSpeed": 2, "longitude": "-27.2200", "forecastDate": "2020-10-21", "latitude": "38.6700"}, {"precipitaProb": "24.0", "tMin": "15.1", "tMax": "19.4", "predWindDir": "NW", "idWeatherType": 3, "classWindSpeed": 1, "longitude": "-27.2200", "forecastDate": "2020-10-22", "latitude": "38.6700"}, {"precipitaProb": "30.0", "tMin": "15.8", "tMax": "20.5", "predWindDir": "SW", "idWeatherType": 3, "classWindSpeed": 2, "longitude": "-27.2200", "forecastDate": "2020-10-23", "latitude": "38.6700"}], "globalIdLocal": 3430100, "dataUpdate": "2020-10-19T20:31:04"}