{"owner": "IPMA", "country": "PT", "data": [{"precipitaProb": "100.0", "tMin": "14.0", "tMax": "19.2", "predWindDir": "N", "idWeatherType": 6, "classWindSpeed": 2, "longitude": "-28.0000", "forecastDate": "2020-10-19", "classPrecInt": 2, "latitude": "39.0800"}, {"precipitaProb": "96.0", "tMin": "16.0", "tMax": "19.6", "predWindDir": "N", "idWeatherType": 7, "classWindSpeed": 2, "longitude": "-28.0000", "forecastDate": "2020-10-20", "classPrecInt": 1, "latitude": "39.0800"}, {"precipitaProb": "38.0", "tMin": "15.7", "tMax": "19.5", "predWindDir": "N", "idWeatherType": 3, "classWindSpeed": 2, "longitude": "-28.0000", "forecastDate": "2020-10-21", "latitude": "39.0800"}, {"precipitaProb": "26.0", "tMin": "16.3", "tMax": "19.9", "predWindDir": "NW", "idWeatherType": 3, "classWindSpeed": 2, "longitude": "-28.0000", "forecastDate": "2020-10-22", "latitude": "39.0800"}, {"precipitaProb": "60.0", "tMin": "17.3", "tMax": "21.2", "predWindDir": "W", "idWeatherType": 3, "classWindSpeed": 2, "longitude": "-28.0000", "forecastDate": "2020-10-23", "latitude": "39.0800"}], "globalIdLocal": 3440100, "dataUpdate": "2020-10-19T20:31:04"}