{"owner": "IPMA", "country": "PT", "data": [{"precipitaProb": "100.0", "tMin": "13.7", "tMax": "18.7", "predWindDir": "N", "idWeatherType": 6, "classWindSpeed": 2, "longitude": "-28.2133", "forecastDate": "2020-10-19", "classPrecInt": 2, "latitude": "38.6842"}, {"precipitaProb": "100.0", "tMin": "14.6", "tMax": "18.8", "predWindDir": "N", "idWeatherType": 7, "classWindSpeed": 2, "longitude": "-28.2133", "forecastDate": "2020-10-20", "classPrecInt": 1, "latitude": "38.6842"}, {"precipitaProb": "92.0", "tMin": "15.3", "tMax": "19.1", "predWindDir": "N", "idWeatherType": 7, "classWindSpeed": 2, "longitude": "-28.2133", "forecastDate": "2020-10-21", "classPrecInt": 1, "latitude": "38.6842"}, {"precipitaProb": "60.0", "tMin": "15.6", "tMax": "19.4", "predWindDir": "NW", "idWeatherType": 3, "classWindSpeed": 2, "longitude": "-28.2133", "forecastDate": "2020-10-22", "latitude": "38.6842"}, {"precipitaProb": "38.0", "tMin": "16.0", "tMax": "20.9", "predWindDir": "W", "idWeatherType": 3, "classWindSpeed": 2, "longitude": "-28.2133", "forecastDate": "2020-10-23", "latitude": "38.6842"}], "globalIdLocal": 3450200, "dataUpdate": "2020-10-19T20:31:04"}