{"owner": "IPMA", "country": "PT", "data": [{"precipitaProb": "100.0", "tMin": "13.6", "tMax": "19.8", "predWindDir": "N", "idWeatherType": 6, "classWindSpeed": 2, "longitude": "-28.5237", "forecastDate": "2020-10-19", "classPrecInt": 2, "latitude": "38.5325"}, {"precipitaProb": "99.0", "tMin": "15.5", "tMax": "20.3", "predWindDir": "N", "idWeatherType": 7, "classWindSpeed": 2, "longitude": "-28.5237", "forecastDate": "2020-10-20", "classPrecInt": 1, "latitude": "38.5325"}, {"precipitaProb": "79.0", "tMin": "15.3", "tMax": "19.2", "predWindDir": "N", "idWeatherType": 7, "classWindSpeed": 2, "longitude": "-28.5237", "forecastDate": "2020-10-21", "classPrecInt": 1, "latitude": "38.5325"}, {"precipitaProb": "60.0", "tMin": "15.6", "tMax": "19.9", "predWindDir": "NW", "idWeatherType": 3, "classWindSpeed": 1, "longitude": "-28.5237", "forecastDate": "2020-10-22", "latitude": "38.5325"}, {"precipitaProb": "60.0", "tMin": "16.0", "tMax": "21.3", "predWindDir": "SW", "idWeatherType": 3, "classWindSpeed": 2, "longitude": "-28.5237", "forecastDate": "2020-10-23", "latitude": "38.5325"}], "globalIdLocal": 3460200, "dataUpdate": "2020-10-19T20:31:04"}