{"owner": "IPMA", "country": "PT", "data": [{"precipitaProb": "100.0", "tMin": "13.6", "tMax": "18.7", "predWindDir": "NW", "idWeatherType": 6, "classWindSpeed": 2, "longitude": "-28.6315", "forecastDate": "2020-10-19", "classPrecInt": 2, "latitude": "38.5363"}, {"precipitaProb": "94.0", "tMin": "14.8", "tMax": "19.4", "predWindDir": "N", "idWeatherType": 7, "classWindSpeed": 2, "longitude": "-28.6315", "forecastDate": "2020-10-20", "classPrecInt": 1, "latitude": "38.5363"}, {"precipitaProb": "41.0", "tMin": "14.9", "tMax": "19.0", "predWindDir": "N", "idWeatherType": 3, "classWindSpeed": 2, "longitude": "-28.6315", "forecastDate": "2020-10-21", "latitude": "38.5363"}, {"precipitaProb": "42.0", "tMin": "15.6", "tMax": "19.5", "predWindDir": "N", "idWeatherType": 3, "classWindSpeed": 2, "longitude": "-28.6315", "forecastDate": "2020-10-22", "latitude": "38.5363"}, {"precipitaProb": "74.0", "tMin": "16.5", "tMax": "20.8", "predWindDir": "W", "idWeatherType": 7, "classWindSpeed": 2, "longitude": "-28.6315", "forecastDate": "2020-10-23", "classPrecInt": 1, "latitude": "38.5363"}], "globalIdLocal": 3470100, "dataUpdate": "2020-10-19T20:31:04"}