{"owner": "IPMA", "country": "PT", "data": [{"precipitaProb": "100.0", "tMin": "13.7", "tMax": "20.4", "predWindDir": "N", "idWeatherType": 6, "classWindSpeed": 2, "longitude": "-31.1300", "forecastDate": "2020-10-19", "classPrecInt": 2, "latitude": "39.4500"}, {"precipitaProb": "41.0", "tMin": "15.1", "tMax": "20.8", "predWindDir": "N", "idWeatherType": 3, "classWindSpeed": 2, "longitude": "-31.1300", "forecastDate": "2020-10-20", "latitude": "39.4500"}, {"precipitaProb": "12.0", "tMin": "15.2", "tMax": "20.3", "predWindDir": "N", "idWeatherType": 3, "classWindSpeed": 2, "longitude": "-31.1300", "forecastDate": "2020-10-21", "latitude": "39.4500"}, {"precipitaProb": "31.0", "tMin": "14.9", "tMax": "21.5", "predWindDir": "NW", "idWeatherType": 3, "classWindSpeed": 1, "longitude": "-31.1300", "forecastDate": "2020-10-22", "latitude": "39.4500"}, {"precipitaProb": "48.0", "tMin": "16.2", "tMax": "22.4", "predWindDir": "W", "idWeatherType": 3, "classWindSpeed": 2, "longitude": "-31.1300", "forecastDate": "2020-10-23", "latitude": "39.4500"}], "globalIdLocal": 3480200, "dataUpdate": "2020-10-19T20:31:04"}