{"owner": "IPMA", "country": "PT", "data": [{"precipitaProb": "100.0", "tMin": "15.1", "tMax": "20.3", "predWindDir": "N", "idWeatherType": 6, "classWindSpeed": 2, "longitude": "-31.1200", "forecastDate": "2020-10-19", "classPrecInt": 2, "latitude": "39.6700"}, {"precipitaProb": "60.0", "tMin": "16.5", "tMax": "20.4", "predWindDir": "N", "idWeatherType": 3, "classWindSpeed": 2, "longitude": "-31.1200", "forecastDate": "2020-10-20", "latitude": "39.6700"}, {"precipitaProb": "16.0", "tMin": "16.0", "tMax": "19.9", "predWindDir": "N", "idWeatherType": 3, "classWindSpeed": 2, "longitude": "-31.1200", "forecastDate": "2020-10-21", "latitude": "39.6700"}, {"precipitaProb": "40.0", "tMin": "16.2", "tMax": "21.1", "predWindDir": "NW", "idWeatherType": 3, "classWindSpeed": 2, "longitude": "-31.1200", "forecastDate": "2020-10-22", "latitude": "39.6700"}, {"precipitaProb": "58.0", "tMin": "17.5", "tMax": "22.2", "predWindDir": "W", "idWeatherType": 3, "classWindSpeed": 2, "longitude": "-31.1200", "forecastDate": "2020-10-23", "latitude": "39.6700"}], "globalIdLocal": 3490100, "dataUpdate": "2020-10-19T20:31:04"}