<?xml version='1.0' encoding='UTF-8'?>
<Carros>
<Carro><Marcas>BMW</Marcas> <Anos> 000000000002000</Anos> <Matriculas>FG-CF-48</Matriculas> <Cores>Cinza</Cores> <Cilindradas> 000000000002500</Cilindradas> <Tipo>Carrinha</Tipo> <Vendidos> 000000000000200</Vendidos></Carro>
<Carro><Marcas>Ford</Marcas> <Anos> 000000000001995</Anos> <Matriculas>AB-CD-01</Matriculas> <Cores>Vermelho</Cores> <Cilindradas> 000000000001800</Cilindradas> <Tipo>Passageiros</Tipo> <Vendidos> 000000000000150</Vendidos></Carro>
<Carro><Marcas>BMW</Marcas> <Anos> 000000000002008</Anos> <Matriculas>FG-CF-48</Matriculas> <Cores>Cinza</Cores> <Cilindradas> 000000000002500</Cilindradas> <Tipo>Carrinha</Tipo> <Vendidos> 000000000000020</Vendidos></Carro>
</Carros>
